partition
var, t72, INT, 4, 0
var, t68, INT, 4, 4
var, t81, INT, 4, 8
var, i, INT, 4, 12
var, t7, INT, 4, 16
var, t4, INT, 4, 20
var, j, INT, 4, 24
var, t61, INT, 4, 28
var, t3, INT, 4, 32
var, t57, INT, 4, 36
var, high, INT, 4, 40
var, till, INT, 4, 44
var, t71, INT, 4, 48
var, low, INT, 4, 52
var, t12, INT, 4, 56
var, t64, INT, 4, 60
var, pivot, INT, 4, 64
var, t78, INT, 4, 68
var, t67, INT, 4, 72
var, t60, INT, 4, 76
var, t77, INT, 4, 80

quickSort
var, high, INT, 4, 0
var, low, INT, 4, 4

print
var, i, INT, 4, 0
var, size, INT, 4, 4

scan
var, i, INT, 4, 0
var, t, INT, 4, 4
var, size, INT, 4, 8

main

object
var, a, ARRAYINT, 40, 0
function, print, ['INT']-->[],   
function, main, []-->[],   
function, partition, ['INT', 'INT']-->['INT'],   
function, quickSort, ['INT', 'INT']-->[],   
function, scan, ['INT']-->[],   

